{
  "format": "PathPlanner-concept",
  "notes": [
    "Heat is high-cost traversable terrain.",
    "Blocked cells are explicitly infinite/untraversable.",
    "Path tangent heading is geometric path direction, not robot-facing heading."
  ],
  "approachConstraints": {
    "startApproachHeadingDeg": 0.0,
    "goalApproachHeadingDeg": 0.0,
    "startApproachLockDistanceM": 0.5,
    "goalApproachLockDistanceM": 0.5
  },
  "clearanceModel": {
    "objectShape": "rectangle",
    "objectWidthM": 0.85,
    "objectHeightM": 0.85,
    "footprintRadiusM": 0.6010407640085653,
    "safeSpaceM": 0.12,
    "requiredClearanceM": 0.7210407640085653
  },
  "holonomicRotationMode": "independent_profile",
  "rotationFinishProgress": 0.8,
  "waypoints": [
    {
      "anchor": {
        "x": 0.56,
        "y": 3.9936000000000003
      },
      "prevControl": null,
      "nextControl": {
        "x": 1.6089057751816815,
        "y": 3.9936000000000003
      },
      "pathTangentHeadingDeg": 0.0,
      "holonomicRotationDeg": 0.0,
      "pathTangentHeadingRad": 0.0,
      "holonomicRotationRad": 0.0,
      "progress": 0.0
    },
    {
      "anchor": {
        "x": 3.7706316835920077,
        "y": 3.333283946837563
      },
      "prevControl": {
        "x": 3.146784629576457,
        "y": 3.3425194999249523
      },
      "nextControl": {
        "x": 4.3944787376075585,
        "y": 3.3240483937501732
      },
      "pathTangentHeadingDeg": -0.8481559022292932,
      "holonomicRotationDeg": 0.0,
      "pathTangentHeadingRad": -0.014803113064124278,
      "holonomicRotationRad": 0.0,
      "progress": 0.2312168210636264
    },
    {
      "anchor": {
        "x": 5.183198102671917,
        "y": 3.9251572763613938
      },
      "prevControl": {
        "x": 4.81600739029124,
        "y": 3.7248268654714343
      },
      "nextControl": {
        "x": 5.550388815052594,
        "y": 4.125487687251353
      },
      "pathTangentHeadingDeg": 28.615819056909842,
      "holonomicRotationDeg": 0.0,
      "pathTangentHeadingRad": 0.49944026069801534,
      "holonomicRotationRad": 0.0,
      "progress": 0.33925201768016616
    },
    {
      "anchor": {
        "x": 6.169605823332781,
        "y": 4.6421064712766285
      },
      "prevControl": {
        "x": 5.8708144893442356,
        "y": 4.458827443714323
      },
      "nextControl": {
        "x": 6.468397157321327,
        "y": 4.8253854988389335
      },
      "pathTangentHeadingDeg": 31.525011742784397,
      "holonomicRotationDeg": 0.0,
      "pathTangentHeadingRad": 0.5502152516414635,
      "holonomicRotationRad": 0.0,
      "progress": 0.42527030632721374
    },
    {
      "anchor": {
        "x": 7.102405193805842,
        "y": 5.102401624978247
      },
      "prevControl": {
        "x": 6.775473119410616,
        "y": 5.025735885818699
      },
      "nextControl": {
        "x": 7.429337268201067,
        "y": 5.179067364137795
      },
      "pathTangentHeadingDeg": 13.19742742329459,
      "holonomicRotationDeg": 0.0,
      "pathTangentHeadingRad": 0.23033856132948197,
      "holonomicRotationRad": 0.0,
      "progress": 0.4986445786661734
    },
    {
      "anchor": {
        "x": 8.140174451759023,
        "y": 5.104205825530506
      },
      "prevControl": {
        "x": 7.795062022762793,
        "y": 5.163454801562
      },
      "nextControl": {
        "x": 8.485286880755252,
        "y": 5.044956849499012
      },
      "pathTangentHeadingDeg": -9.741584462895968,
      "holonomicRotationDeg": 0.0,
      "pathTangentHeadingRad": -0.17002272323865802,
      "holonomicRotationRad": 0.0,
      "progress": 0.5718485066830885
    },
    {
      "anchor": {
        "x": 9.296974736198372,
        "y": 4.725637453966364
      },
      "prevControl": {
        "x": 8.909846838752694,
        "y": 4.8863351886053215
      },
      "nextControl": {
        "x": 9.68410263364405,
        "y": 4.564939719327406
      },
      "pathTangentHeadingDeg": -22.543456878021402,
      "holonomicRotationDeg": 0.0,
      "pathTangentHeadingRad": -0.39345754730283516,
      "holonomicRotationRad": 0.0,
      "progress": 0.6577071237357983
    },
    {
      "anchor": {
        "x": 10.687194481653394,
        "y": 4.046931597595255
      },
      "prevControl": {
        "x": 10.108745827207741,
        "y": 4.292778978708743
      },
      "nextControl": {
        "x": 11.265643136099047,
        "y": 3.801084216481767
      },
      "pathTangentHeadingDeg": -23.02605436483561,
      "holonomicRotationDeg": 0.0,
      "pathTangentHeadingRad": -0.401880462409593,
      "holonomicRotationRad": 0.0,
      "progress": 0.766835142006446
    },
    {
      "anchor": {
        "x": 13.76,
        "y": 2.8287999999999998
      },
      "prevControl": {
        "x": 12.702257033922479,
        "y": 2.8287999999999998
      },
      "nextControl": null,
      "pathTangentHeadingDeg": 0.0,
      "holonomicRotationDeg": 0.0,
      "pathTangentHeadingRad": 0.0,
      "holonomicRotationRad": 0.0,
      "progress": 1.0
    }
  ],
  "bezierSegments": [
    {
      "P0": {
        "x": 0.56,
        "y": 3.9936000000000003
      },
      "P1": {
        "x": 1.6089057751816815,
        "y": 3.9936000000000003
      },
      "P2": {
        "x": 3.146784629576457,
        "y": 3.3425194999249523
      },
      "P3": {
        "x": 3.7706316835920077,
        "y": 3.333283946837563
      }
    },
    {
      "P0": {
        "x": 3.7706316835920077,
        "y": 3.333283946837563
      },
      "P1": {
        "x": 4.3944787376075585,
        "y": 3.3240483937501732
      },
      "P2": {
        "x": 4.81600739029124,
        "y": 3.7248268654714343
      },
      "P3": {
        "x": 5.183198102671917,
        "y": 3.9251572763613938
      }
    },
    {
      "P0": {
        "x": 5.183198102671917,
        "y": 3.9251572763613938
      },
      "P1": {
        "x": 5.550388815052594,
        "y": 4.125487687251353
      },
      "P2": {
        "x": 5.8708144893442356,
        "y": 4.458827443714323
      },
      "P3": {
        "x": 6.169605823332781,
        "y": 4.6421064712766285
      }
    },
    {
      "P0": {
        "x": 6.169605823332781,
        "y": 4.6421064712766285
      },
      "P1": {
        "x": 6.468397157321327,
        "y": 4.8253854988389335
      },
      "P2": {
        "x": 6.775473119410616,
        "y": 5.025735885818699
      },
      "P3": {
        "x": 7.102405193805842,
        "y": 5.102401624978247
      }
    },
    {
      "P0": {
        "x": 7.102405193805842,
        "y": 5.102401624978247
      },
      "P1": {
        "x": 7.429337268201067,
        "y": 5.179067364137795
      },
      "P2": {
        "x": 7.795062022762793,
        "y": 5.163454801562
      },
      "P3": {
        "x": 8.140174451759023,
        "y": 5.104205825530506
      }
    },
    {
      "P0": {
        "x": 8.140174451759023,
        "y": 5.104205825530506
      },
      "P1": {
        "x": 8.485286880755252,
        "y": 5.044956849499012
      },
      "P2": {
        "x": 8.909846838752694,
        "y": 4.8863351886053215
      },
      "P3": {
        "x": 9.296974736198372,
        "y": 4.725637453966364
      }
    },
    {
      "P0": {
        "x": 9.296974736198372,
        "y": 4.725637453966364
      },
      "P1": {
        "x": 9.68410263364405,
        "y": 4.564939719327406
      },
      "P2": {
        "x": 10.108745827207741,
        "y": 4.292778978708743
      },
      "P3": {
        "x": 10.687194481653394,
        "y": 4.046931597595255
      }
    },
    {
      "P0": {
        "x": 10.687194481653394,
        "y": 4.046931597595255
      },
      "P1": {
        "x": 11.265643136099047,
        "y": 3.801084216481767
      },
      "P2": {
        "x": 12.702257033922479,
        "y": 2.8287999999999998
      },
      "P3": {
        "x": 13.76,
        "y": 2.8287999999999998
      }
    }
  ],
  "goalEndState": {
    "velocityMps": 0.0,
    "rotationDeg": 0.0,