idx,anchor_x,anchor_y,prev_x,prev_y,next_x,next_y,progress,path_tangent_heading_deg,path_tangent_heading_rad,holonomic_rotation_deg,holonomic_rotation_rad
0,0.6000000000000001,2.8000000000000003,,,1.5826743447784293,2.9381058726557865,0.0,8.000000000000009,0.13962634015954653,8.00000000000001,0.13962634015954656
1,3.608876543667203,3.5699193830491693,3.0813552383695733,3.435887271744242,4.136397848964832,3.7039514943540968,0.28601155890943547,14.255995958548981,0.24881406762768477,4.787370866023173,0.0835553841261567
2,5.195168413058928,3.9675360180125945,4.747997632583064,3.858172078235398,5.642339193534792,4.076899957789791,0.43661062178347987,13.742981581746498,0.23986027764241463,1.7470144277989987,0.03049115384493728
3,6.540948019383223,4.287012051651988,6.092003835282667,4.1851724827346475,6.989892203483779,4.388851620569329,0.5639862034787263,12.780818065946791,0.22306735634914526,-0.6927305261264025,-0.012090428509978324
4,8.138772530104536,4.6352701929052325,7.60299553687296,4.53947907912913,8.674549523336111,4.731061306681335,0.7145826201875055,10.13676028550871,0.17691984246752743,-2.6505721812966905,-0.046261211625395315
5,11.200000000000001,5.120000000000001,10.2110870172029,5.171826733332566,,,1.0,-3.0000000000000107,-0.05235987755983007,-3.0000000000000004,-0.05235987755982989
