{
  "format": "PathPlanner-concept",
  "notes": [
    "Heat is high-cost traversable terrain.",
    "Blocked cells are explicitly infinite/untraversable.",
    "Path tangent heading is geometric path direction, not robot-facing heading."
  ],
  "approachConstraints": {
    "startApproachHeadingDeg": 8.0,
    "goalApproachHeadingDeg": -3.0,
    "startApproachLockDistanceM": 0.5,
    "goalApproachLockDistanceM": 0.5
  },
  "clearanceModel": {
    "objectShape": "rectangle",
    "objectWidthM": 0.85,
    "objectHeightM": 0.85,
    "footprintRadiusM": 0.6010407640085653,
    "safeSpaceM": 0.12,
    "requiredClearanceM": 0.7210407640085653
  },
  "holonomicRotationMode": "independent_profile",
  "rotationFinishProgress": 0.8,
  "waypoints": [
    {
      "anchor": {
        "x": 0.6000000000000001,
        "y": 2.8000000000000003
      },
      "prevControl": null,
      "nextControl": {
        "x": 1.5826743447784293,
        "y": 2.9381058726557865
      },
      "pathTangentHeadingDeg": 8.000000000000009,
      "holonomicRotationDeg": 8.00000000000001,
      "pathTangentHeadingRad": 0.13962634015954653,
      "holonomicRotationRad": 0.13962634015954656,
      "progress": 0.0
    },
    {
      "anchor": {
        "x": 3.608876543667202,
        "y": 3.5699193830491733
      },
      "prevControl": {
        "x": 3.081355238369573,
        "y": 3.435887271744246
      },
      "nextControl": {
        "x": 4.1363978489648305,
        "y": 3.7039514943541008
      },
      "pathTangentHeadingDeg": 14.255995958548997,
      "holonomicRotationDeg": 4.787370866023173,
      "pathTangentHeadingRad": 0.24881406762768507,
      "holonomicRotationRad": 0.0835553841261567,
      "progress": 0.28601155890943547
    },
    {
      "anchor": {
        "x": 5.195168413058926,
        "y": 3.9675360180125976
      },
      "prevControl": {
        "x": 4.747997632583063,
        "y": 3.8581720782354014
      },
      "nextControl": {
        "x": 5.64233919353479,
        "y": 4.076899957789794
      },
      "pathTangentHeadingDeg": 13.742981581746525,
      "holonomicRotationDeg": 1.7470144277989987,
      "pathTangentHeadingRad": 0.2398602776424151,
      "holonomicRotationRad": 0.03049115384493728,
      "progress": 0.4366106217834798
    },
    {
      "anchor": {
        "x": 6.540948019383221,
        "y": 4.28701205165199
      },
      "prevControl": {
        "x": 6.092003835282665,
        "y": 4.18517248273465
      },
      "nextControl": {
        "x": 6.989892203483776,
        "y": 4.38885162056933
      },
      "pathTangentHeadingDeg": 12.780818065946708,
      "holonomicRotationDeg": -0.692730526126377,
      "pathTangentHeadingRad": 0.2230673563491438,
      "holonomicRotationRad": -0.01209042850997788,
      "progress": 0.5639862034787261
    },
    {
      "anchor": {
        "x": 8.138772530104532,
        "y": 4.635270192905234
      },
      "prevControl": {
        "x": 7.602995536872957,
        "y": 4.539479079129132
      },
      "nextControl": {
        "x": 8.674549523336108,
        "y": 4.731061306681337
      },
      "pathTangentHeadingDeg": 10.13676028550871,
      "holonomicRotationDeg": -2.6505721812966905,
      "pathTangentHeadingRad": 0.17691984246752743,
      "holonomicRotationRad": -0.046261211625395315,
      "progress": 0.7145826201875052
    },
    {
      "anchor": {
        "x": 11.200000000000001,
        "y": 5.120000000000002
      },
      "prevControl": {
        "x": 10.211087017202898,
        "y": 5.1718267333325665
      },
      "nextControl": null,
      "pathTangentHeadingDeg": -3.0000000000000053,
      "holonomicRotationDeg": -3.0000000000000004,
      "pathTangentHeadingRad": -0.05235987755982998,
      "holonomicRotationRad": -0.05235987755982989,
      "progress": 1.0
    }
  ],
  "bezierSegments": [
    {
      "P0": {
        "x": 0.6000000000000001,
        "y": 2.8000000000000003
      },
      "P1": {
        "x": 1.5826743447784293,
        "y": 2.9381058726557865
      },
      "P2": {
        "x": 3.081355238369573,
        "y": 3.435887271744246
      },
      "P3": {
        "x": 3.608876543667202,
        "y": 3.5699193830491733
      }
    },
    {
      "P0": {
        "x": 3.608876543667202,
        "y": 3.5699193830491733
      },
      "P1": {
        "x": 4.1363978489648305,
        "y": 3.7039514943541008
      },
      "P2": {
        "x": 4.747997632583063,
        "y": 3.8581720782354014
      },
      "P3": {
        "x": 5.195168413058926,
        "y": 3.9675360180125976
      }
    },
    {
      "P0": {
        "x": 5.195168413058926,
        "y": 3.9675360180125976
      },
      "P1": {
        "x": 5.64233919353479,
        "y": 4.076899957789794
      },
      "P2": {
        "x": 6.092003835282665,
        "y": 4.18517248273465
      },
      "P3": {
        "x": 6.540948019383221,
        "y": 4.28701205165199
      }
    },
    {
      "P0": {
        "x": 6.540948019383221,
        "y": 4.28701205165199
      },
      "P1": {
        "x": 6.989892203483776,
        "y": 4.38885162056933
      },
      "P2": {
        "x": 7.602995536872957,
        "y": 4.539479079129132
      },
      "P3": {
        "x": 8.138772530104532,
        "y": 4.635270192905234
      }
    },
    {
      "P0": {
        "x": 8.138772530104532,
        "y": 4.635270192905234
      },
      "P1": {
        "x": 8.674549523336108,
        "y": 4.731061306681337
      },
      "P2": {
        "x": 10.211087017202898,
        "y": 5.1718267333325665
      },
      "P3": {
        "x": 11.200000000000001,
        "y": 5.120000000000002
      }
    }
  ],
  "goalEndState": {
    "velocityMps": 0.0,
    "rotationDeg": -3.0,
    "rotationRad": -0.05235987755982989
  },
  "holonomicRotationTargets": [
    {
      "waypointIndex": 0,
      "progress": 0.0,
      "holonomicRotationDeg": 8.00000000000001,
      "holonomicRotationRad": 0.13962634015954656
    },
    {
      "waypointIndex": 1,
      "progress": 0.28601155890943547,
      "holonomicRotationDeg": 4.787370866023173,
      "holonomicRotationRad": 0.0835553841261567
    },
    {
      "waypointIndex": 2,
      "progress": 0.4366106217834798,
      "holonomicRotationDeg": 1.7470144277989987,
      "holonomicRotationRad": 0.03049115384493728
    },
    {
      "waypointIndex": 3,
      "progress": 0.5639862034787261,
      "holonomicRotationDeg": -0.692730526126377,
      "holonomicRotationRad": -0.01209042850997788
    },
    {
      "waypointIndex": 4,
      "progress": 0.7145826201875052,
      "holonomicRotationDeg": -2.6505721812966905,
      "holonomicRotationRad": -0.046261211625395315
    },
    {
      "waypointIndex": 5,
      "progress": 1.0,
      "holonomicRotationDeg": -3.0000000000000004,
      "holonomicRotationRad": -0.05235987755982989
    }
  ]
}