idx,anchor_x,anchor_y,prev_x,prev_y,next_x,next_y,progress,path_tangent_heading_deg,path_tangent_heading_rad,holonomic_rotation_deg,holonomic_rotation_rad
0,0.48,3.84,,,1.4183453792899288,3.84,0.0,0.0,0.0,0.0,0.0
1,2.565651846672808,5.9012160387507935,2.094472092231142,5.52159525204883,3.0368316011144745,6.280836825452757,0.21035096874688922,38.85774850527438,0.6781956513289431,24.802660787294883,0.43288809399358463
2,3.9678243451502024,6.650075367845843,3.567106687363407,6.485770380035442,4.368542002936998,6.814380355656244,0.32438222610304124,22.294944785724965,0.3891201930612423,52.186323877410665,0.9108231761729497
3,5.198973285119491,6.98094845991366,4.8342822703263,6.914139920115702,5.563664299912682,7.047756999711617,0.41583266874455727,10.381032780758972,0.18118320178170672,76.80225884543319,1.340452289821748
4,6.299959570744859,7.077304289626968,5.942981457696328,7.074039900586595,6.65693768379339,7.0805686786673405,0.4951139307689009,0.5239270831812594,0.009144252641883182,97.87172809350045,1.7081838998482155
5,7.40257205391975,7.001099285432961,7.03645296389988,7.059777852776178,7.76869114393962,6.9424207180897435,0.5743986407085505,-9.105460822332022,-0.1589202712610442,116.91023341346609,2.0404685023400724
6,8.64204818438814,6.701933520427276,8.234426568429166,6.852426681425563,9.049669800347113,6.551440359428988,0.6658658648622874,-20.264054527803566,-0.35367447131383706,134.13801452932952,2.341150005624792
7,10.07599455838682,6.014076547606165,9.594312869711938,6.39722258225094,10.5576762470617,5.63093051296139,0.7799528726189309,-38.49993582110255,-0.671950641884746,144.73140557217812,2.5260395582737756
8,12.239999999999998,3.84,11.258401453370524,3.84,,,1.0,0.0,0.0,145.0,2.530727415391778
