{
  "format": "PathPlanner-concept",
  "notes": [
    "Heat is high-cost traversable terrain.",
    "Blocked cells are explicitly infinite/untraversable.",
    "Path tangent heading is geometric path direction, not robot-facing heading."
  ],
  "approachConstraints": {
    "startApproachHeadingDeg": 0.0,
    "goalApproachHeadingDeg": 0.0,
    "startApproachLockDistanceM": 0.5,
    "goalApproachLockDistanceM": 0.5
  },
  "clearanceModel": {
    "objectShape": "rectangle",
    "objectWidthM": 0.85,
    "objectHeightM": 0.85,
    "footprintRadiusM": 0.6010407640085653,
    "safeSpaceM": 0.12,
    "requiredClearanceM": 0.7210407640085653
  },
  "holonomicRotationMode": "independent_profile",
  "rotationFinishProgress": 0.8,
  "waypoints": [
    {
      "anchor": {
        "x": 0.48,
        "y": 3.84
      },
      "prevControl": null,
      "nextControl": {
        "x": 1.4183453792899319,
        "y": 3.84
      },
      "pathTangentHeadingDeg": 0.0,
      "holonomicRotationDeg": 0.0,
      "pathTangentHeadingRad": 0.0,
      "holonomicRotationRad": 0.0,
      "progress": 0.0
    },
    {
      "anchor": {
        "x": 2.5656518466728153,
        "y": 5.901216038750799
      },
      "prevControl": {
        "x": 2.094472092231148,
        "y": 5.521595252048836
      },
      "nextControl": {
        "x": 3.0368316011144825,
        "y": 6.280836825452762
      },
      "pathTangentHeadingDeg": 38.85774850527432,
      "holonomicRotationDeg": 24.802660787295036,
      "pathTangentHeadingRad": 0.6781956513289421,
      "holonomicRotationRad": 0.4328880939935873,
      "progress": 0.21035096874688985
    },
    {
      "anchor": {
        "x": 3.967824345150211,
        "y": 6.6500753678458455
      },
      "prevControl": {
        "x": 3.567106687363415,
        "y": 6.485770380035445
      },
      "nextControl": {
        "x": 4.368542002937007,
        "y": 6.814380355656246
      },
      "pathTangentHeadingDeg": 22.29494478572483,
      "holonomicRotationDeg": 52.186323877410814,
      "pathTangentHeadingRad": 0.38912019306123996,
      "holonomicRotationRad": 0.9108231761729524,
      "progress": 0.3243822261030419
    },
    {
      "anchor": {
        "x": 5.198973285119498,
        "y": 6.9809484599136615
      },
      "prevControl": {
        "x": 4.834282270326307,
        "y": 6.914139920115704
      },
      "nextControl": {
        "x": 5.5636642999126895,
        "y": 7.047756999711619
      },
      "pathTangentHeadingDeg": 10.381032780758972,
      "holonomicRotationDeg": 76.80225884543334,
      "pathTangentHeadingRad": 0.18118320178170672,
      "holonomicRotationRad": 1.3404522898217506,
      "progress": 0.41583266874455777
    },
    {
      "anchor": {
        "x": 6.299959570744868,
        "y": 7.077304289626968
      },
      "prevControl": {
        "x": 5.9429814576963365,
        "y": 7.074039900586595
      },
      "nextControl": {
        "x": 6.656937683793399,
        "y": 7.0805686786673405
      },
      "pathTangentHeadingDeg": 0.5239270831812594,
      "holonomicRotationDeg": 97.87172809350065,
      "pathTangentHeadingRad": 0.009144252641883182,
      "holonomicRotationRad": 1.708183899848219,
      "progress": 0.4951139307689016
    },
    {
      "anchor": {
        "x": 7.402572053919757,
        "y": 7.001099285432962
      },
      "prevControl": {
        "x": 7.036452963899887,
        "y": 7.059777852776179
      },
      "nextControl": {
        "x": 7.768691143939627,
        "y": 6.942420718089744
      },
      "pathTangentHeadingDeg": -9.105460822332022,
      "holonomicRotationDeg": 116.91023341346619,
      "pathTangentHeadingRad": -0.1589202712610442,
      "holonomicRotationRad": 2.040468502340074,
      "progress": 0.574398640708551
    },
    {
      "anchor": {
        "x": 8.642048184388145,
        "y": 6.701933520427274
      },
      "prevControl": {
        "x": 8.234426568429173,
        "y": 6.8524266814255625
      },
      "nextControl": {
        "x": 9.049669800347116,
        "y": 6.551440359428986
      },
      "pathTangentHeadingDeg": -20.264054527803758,
      "holonomicRotationDeg": 134.13801452932958,
      "pathTangentHeadingRad": -0.3536744713138404,
      "holonomicRotationRad": 2.341150005624793,
      "progress": 0.6658658648622878
    },
    {
      "anchor": {
        "x": 10.075994558386824,
        "y": 6.01407654760616
      },
      "prevControl": {
        "x": 9.594312869711944,
        "y": 6.397222582250936
      },
      "nextControl": {
        "x": 10.557676247061705,
        "y": 5.630930512961384
      },
      "pathTangentHeadingDeg": -38.49993582110261,
      "holonomicRotationDeg": 144.73140557217818,
      "pathTangentHeadingRad": -0.6719506418847472,
      "holonomicRotationRad": 2.5260395582737765,
      "progress": 0.7799528726189314
    },
    {
      "anchor": {
        "x": 12.24,
        "y": 3.84
      },
      "prevControl": {
        "x": 11.258401453370528,
        "y": 3.84
      },
      "nextControl": null,
      "pathTangentHeadingDeg": 0.0,
      "holonomicRotationDeg": 145.0,
      "pathTangentHeadingRad": 0.0,
      "holonomicRotationRad": 2.530727415391778,
      "progress": 1.0
    }
  ],
  "bezierSegments": [
    {
      "P0": {
        "x": 0.48,
        "y": 3.84
      },
      "P1": {
        "x": 1.4183453792899319,
        "y": 3.84
      },
      "P2": {
        "x": 2.094472092231148,
        "y": 5.521595252048836
      },
      "P3": {
        "x": 2.5656518466728153,
        "y": 5.901216038750799
      }
    },
    {
      "P0": {
        "x": 2.5656518466728153,
        "y": 5.901216038750799
      },
      "P1": {
        "x": 3.0368316011144825,
        "y": 6.280836825452762
      },
      "P2": {
        "x": 3.567106687363415,
        "y": 6.485770380035445
      },
      "P3": {
        "x": 3.967824345150211,
        "y": 6.6500753678458455
      }
    },
    {
      "P0": {
        "x": 3.967824345150211,
        "y": 6.6500753678458455
      },
      "P1": {
        "x": 4.368542002937007,
        "y": 6.814380355656246
      },
      "P2": {
        "x": 4.834282270326307,
        "y": 6.914139920115704
      },
      "P3": {
        "x": 5.198973285119498,
        "y": 6.9809484599136615
      }
    },
    {
      "P0": {
        "x": 5.198973285119498,
        "y": 6.9809484599136615
      },
      "P1": {
        "x": 5.5636642999126895,
        "y": 7.047756999711619
      },
      "P2": {
        "x": 5.9429814576963365,
        "y": 7.074039900586595
      },
      "P3": {
        "x": 6.299959570744868,
        "y": 7.077304289626968
      }
    },
    {
      "P0": {
        "x": 6.299959570744868,
        "y": 7.077304289626968
      },
      "P1": {
        "x": 6.656937683793399,
        "y": 7.0805686786673405
      },
      "P2": {
        "x": 7.036452963899887,
        "y": 7.059777852776179
      },
      "P3": {
        "x": 7.402572053919757,
        "y": 7.001099285432962
      }
    },
    {
      "P0": {
        "x": 7.402572053919757,
        "y": 7.001099285432962
      },
      "P1": {
        "x": 7.768691143939627,
        "y": 6.942420718089744
      },
      "P2": {
        "x": 8.234426568429173,
        "y": 6.8524266814255625
      },
      "P3": {
        "x": 8.642048184388145,
        "y": 6.701933520427274
      }
    },
    {
      "P0": {
        "x": 8.642048184388145,
        "y": 6.701933520427274
      },
      "P1": {
        "x": 9.049669800347116,
        "y": 6.551440359428986
      },
      "P2": {
        "x": 9.594312869711944,
        "y": 6.397222582250936
      },
      "P3": {
        "x": 10.075994558386824,
        "y": 6.01407654760616
      }
    },
    {
      "P0": {
        "x": 10.075994558386824,
        "y": 6.01407654760616
      },
      "P1": {
        "x": 10.557676247061705,
        "y": 5.630930512961384
      },
      "P2": {
        "x": 11.258401453370528,
        "y": 3.84
      },
      "P3": {
        "x": 12.24,