{
  "format": "PathPlanner-concept",
  "notes": [
    "Heat is high-cost traversable terrain.",
    "Blocked cells are explicitly infinite/untraversable.",
    "Path tangent heading is geometric path direction, not robot-facing heading."
  ],
  "approachConstraints": {
    "startApproachHeadingDeg": 0.0,
    "goalApproachHeadingDeg": 0.0,
    "startApproachLockDistanceM": 0.5,
    "goalApproachLockDistanceM": 0.5
  },
  "clearanceModel": {
    "objectShape": "rectangle",
    "objectWidthM": 0.85,
    "objectHeightM": 0.85,
    "footprintRadiusM": 0.6010407640085653,
    "safeSpaceM": 0.12,
    "requiredClearanceM": 0.7210407640085653
  },
  "holonomicRotationMode": "independent_profile",
  "rotationFinishProgress": 0.8,
  "waypoints": [
    {
      "anchor": {
        "x": 0.48,
        "y": 3.84
      },
      "prevControl": null,
      "nextControl": {
        "x": 1.4183453792899288,
        "y": 3.84
      },
      "pathTangentHeadingDeg": 0.0,
      "holonomicRotationDeg": 0.0,
      "pathTangentHeadingRad": 0.0,
      "holonomicRotationRad": 0.0,
      "progress": 0.0
    },
    {
      "anchor": {
        "x": 2.565651846672808,
        "y": 5.9012160387507935
      },
      "prevControl": {
        "x": 2.094472092231142,
        "y": 5.52159525204883
      },
      "nextControl": {
        "x": 3.0368316011144745,
        "y": 6.280836825452757
      },
      "pathTangentHeadingDeg": 38.85774850527438,
      "holonomicRotationDeg": 24.802660787294883,
      "pathTangentHeadingRad": 0.6781956513289431,
      "holonomicRotationRad": 0.43288809399358463,
      "progress": 0.21035096874688922
    },
    {
      "anchor": {
        "x": 3.9678243451502024,
        "y": 6.650075367845843
      },
      "prevControl": {
        "x": 3.567106687363407,
        "y": 6.485770380035442
      },
      "nextControl": {
        "x": 4.368542002936998,
        "y": 6.814380355656244
      },
      "pathTangentHeadingDeg": 22.294944785724965,
      "holonomicRotationDeg": 52.186323877410665,
      "pathTangentHeadingRad": 0.3891201930612423,
      "holonomicRotationRad": 0.9108231761729497,
      "progress": 0.32438222610304124
    },
    {
      "anchor": {
        "x": 5.198973285119491,
        "y": 6.98094845991366
      },
      "prevControl": {
        "x": 4.8342822703263,
        "y": 6.914139920115702
      },
      "nextControl": {
        "x": 5.563664299912682,
        "y": 7.047756999711617
      },
      "pathTangentHeadingDeg": 10.381032780758972,
      "holonomicRotationDeg": 76.80225884543319,
      "pathTangentHeadingRad": 0.18118320178170672,
      "holonomicRotationRad": 1.340452289821748,
      "progress": 0.41583266874455727
    },
    {
      "anchor": {
        "x": 6.299959570744859,
        "y": 7.077304289626968
      },
      "prevControl": {
        "x": 5.942981457696328,
        "y": 7.074039900586595
      },
      "nextControl": {
        "x": 6.65693768379339,
        "y": 7.0805686786673405
      },
      "pathTangentHeadingDeg": 0.5239270831812594,
      "holonomicRotationDeg": 97.87172809350045,
      "pathTangentHeadingRad": 0.009144252641883182,
      "holonomicRotationRad": 1.7081838998482155,
      "progress": 0.4951139307689009
    },
    {
      "anchor": {
        "x": 7.40257205391975,
        "y": 7.001099285432961
      },
      "prevControl": {
        "x": 7.03645296389988,
        "y": 7.059777852776178
      },
      "nextControl": {
        "x": 7.76869114393962,
        "y": 6.9424207180897435
      },
      "pathTangentHeadingDeg": -9.105460822332022,
      "holonomicRotationDeg": 116.91023341346609,
      "pathTangentHeadingRad": -0.1589202712610442,
      "holonomicRotationRad": 2.0404685023400724,
      "progress": 0.5743986407085505
    },
    {
      "anchor": {
        "x": 8.64204818438814,
        "y": 6.701933520427276
      },
      "prevControl": {
        "x": 8.234426568429166,
        "y": 6.852426681425563
      },
      "nextControl": {
        "x": 9.049669800347113,
        "y": 6.551440359428988
      },
      "pathTangentHeadingDeg": -20.264054527803566,
      "holonomicRotationDeg": 134.13801452932952,
      "pathTangentHeadingRad": -0.35367447131383706,
      "holonomicRotationRad": 2.341150005624792,
      "progress": 0.6658658648622874
    },
    {
      "anchor": {
        "x": 10.07599455838682,
        "y": 6.014076547606165
      },
      "prevControl": {
        "x": 9.594312869711938,
        "y": 6.39722258225094
      },
      "nextControl": {
        "x": 10.5576762470617,
        "y": 5.63093051296139
      },
      "pathTangentHeadingDeg": -38.49993582110255,
      "holonomicRotationDeg": 144.73140557217812,
      "pathTangentHeadingRad": -0.671950641884746,
      "holonomicRotationRad": 2.5260395582737756,
      "progress": 0.7799528726189309
    },
    {
      "anchor": {
        "x": 12.239999999999998,
        "y": 3.84
      },
      "prevControl": {
        "x": 11.258401453370524,
        "y": 3.84
      },
      "nextControl": null,
      "pathTangentHeadingDeg": 0.0,
      "holonomicRotationDeg": 145.0,
      "pathTangentHeadingRad": 0.0,
      "holonomicRotationRad": 2.530727415391778,
      "progress": 1.0
    }
  ],
  "bezierSegments": [
    {
      "P0": {
        "x": 0.48,
        "y": 3.84
      },
      "P1": {
        "x": 1.4183453792899288,
        "y": 3.84
      },
      "P2": {
        "x": 2.094472092231142,
        "y": 5.52159525204883
      },
      "P3": {
        "x": 2.565651846672808,
        "y": 5.9012160387507935
      }
    },
    {
      "P0": {
        "x": 2.565651846672808,
        "y": 5.9012160387507935
      },
      "P1": {
        "x": 3.0368316011144745,
        "y": 6.280836825452757
      },
      "P2": {
        "x": 3.567106687363407,
        "y": 6.485770380035442
      },
      "P3": {
        "x": 3.9678243451502024,
        "y": 6.650075367845843
      }
    },
    {
      "P0": {
        "x": 3.9678243451502024,
        "y": 6.650075367845843
      },
      "P1": {
        "x": 4.368542002936998,
        "y": 6.814380355656244
      },
      "P2": {
        "x": 4.8342822703263,
        "y": 6.914139920115702
      },
      "P3": {
        "x": 5.198973285119491,
        "y": 6.98094845991366
      }
    },
    {
      "P0": {
        "x": 5.198973285119491,
        "y": 6.98094845991366
      },
      "P1": {
        "x": 5.563664299912682,
        "y": 7.047756999711617
      },
      "P2": {
        "x": 5.942981457696328,
        "y": 7.074039900586595
      },
      "P3": {
        "x": 6.299959570744859,
        "y": 7.077304289626968
      }
    },
    {
      "P0": {
        "x": 6.299959570744859,
        "y": 7.077304289626968
      },
      "P1": {
        "x": 6.65693768379339,
        "y": 7.0805686786673405
      },
      "P2": {
        "x": 7.03645296389988,
        "y": 7.059777852776178
      },
      "P3": {
        "x": 7.40257205391975,
        "y": 7.001099285432961
      }
    },
    {
      "P0": {
        "x": 7.40257205391975,
        "y": 7.001099285432961
      },
      "P1": {
        "x": 7.76869114393962,
        "y": 6.9424207180897435
      },
      "P2": {
        "x": 8.234426568429166,
        "y": 6.852426681425563
      },
      "P3": {
        "x": 8.64204818438814,
        "y": 6.701933520427276
      }
    },
    {
      "P0": {
        "x": 8.64204818438814,
        "y": 6.701933520427276
      },
      "P1": {
        "x": 9.049669800347113,
        "y": 6.551440359428988
      },
      "P2": {
        "x": 9.594312869711938,
        "y": 6.39722258225094
      },
      "P3": {
        "x": 10.07599455838682,
        "y": 6.014076547606165
      }
    },
    {
      "P0": {
        "x": 10.07599455838682,
        "y": 6.014076547606165
      },
      "P1": {
        "x": 10.5576762470617,
        "y": 5.63093051296139
      },
      "P2": {
        "x": 11.258401453370524,
        "y": 3.84
      },
      "P3": {
        "x": 12.239999999999998,