idx,anchor_x,anchor_y,prev_x,prev_y,next_x,next_y,progress,path_tangent_heading_deg,path_tangent_heading_rad,holonomic_rotation_deg,holonomic_rotation_rad
0,0.72,4.05,,,1.7462217746942317,4.05,0.0,0.0,0.0,0.0,0.0
1,3.196495552159157,2.012488409871693,2.6901678817451726,2.3916511674158123,3.7028232225731417,1.6333256523275734,0.24023137833729266,-36.82765258042092,-0.6427637933089307,0.0,0.0
2,4.58736991952273,1.1539255233068986,4.188108866440395,1.3584266075732594,4.986630972605065,0.9494244390405377,0.3626730418082464,-27.121476255050396,-0.47335905865209077,0.0,0.0
3,5.803466560498427,0.6772006482917852,5.424385509959452,0.7614530927561401,6.182547611037402,0.5929482038274302,0.46052016566924264,-12.530566464044908,-0.2186996419375673,0.0,0.0
4,6.964137315525422,0.6256784301016475,6.57959780462318,0.5720024592495987,7.348676826427663,0.6793544009536963,0.54755136935954,7.946291797181134,0.13868895518502825,0.0,0.0
5,8.210642137194572,1.0132063965368683,7.803012581493322,0.8289397155768088,8.618271692895823,1.1974730774969278,0.6453352321079032,24.32508341736365,0.4245527964552697,0.0,0.0
6,9.625887723274246,1.828907946509494,9.14563577116254,1.4214532822585078,10.106139675385952,2.23636261076048,0.7676995873091658,40.31189145074426,0.7035752335220409,0.0,0.0
7,11.79,4.05,10.797657769672867,4.05,,,1.0,0.0,0.0,0.0,0.0
